번호,주제,소재,사용 완료(O)
1,인체,"몸속 숫자들 (혈관 길이, 세포 수)",
2,인체,잠자는 동안 몸에서 벌어지는 일,
3,인체,인체에서 가장 강한 부위들,
4,인체,눈에 관한 착각들,
5,인체,우리 몸의 쓸모없(어 보이)는 기관,
6,인체,아기와 어른의 신체 차이,
7,인체,통증에 관한 의외의 사실,
8,인체,손과 손가락의 비밀,
9,인체,인간이 동물보다 뛰어난 신체 능력,
10,인체,몸이 보내는 경고 신호들,
11,우주,태양에 관한 압도적 숫자들,
12,우주,달의 이상한 사실들,
13,우주,화성 이주가 어려운 진짜 이유,
14,우주,우주에서 인체에 벌어지는 일,
15,우주,블랙홀의 소름 돋는 성질,
16,우주,우주 탐사선이 보낸 기록들,
17,우주,별의 일생,
18,우주,태양계에서 가장 극단적인 장소,
19,우주,우주의 크기를 실감하는 비교들,
20,우주,우주복 없이 우주에 나가면,
21,동물,동물들의 초능력 감각,
22,동물,가장 오래 사는 동물들,
23,동물,심해 생물의 기괴한 생존법,
24,동물,동물들의 수면 방식,
25,동물,곤충의 압도적 숫자들,
26,동물,동물의 의외의 지능,
27,동물,가장 빠른 동물들의 속도 비교,
28,동물,동물들의 특이한 육아,
29,동물,멸종을 피한 동물들,
30,동물,도시에 적응한 동물들,
31,역사,고대인들이 이미 알고 있던 것들,
32,역사,역사상 가장 짧았던 전쟁들,
33,역사,우연이 바꾼 역사적 순간,
34,역사,옛날 사람들의 의외의 일상,
35,역사,역사 속 사라진 직업들,
36,역사,유물이 밝혀낸 반전 사실,
37,역사,세계사 속 이상한 법률들,
38,역사,발명품의 의외의 유래,
39,역사,역사상 최악의 오역·오해,
40,역사,문명마다 달랐던 시간 개념,
41,심리,뇌가 우리를 속이는 방식,
42,심리,기억에 관한 불편한 진실,
43,심리,착시가 일어나는 이유,
44,심리,습관이 만들어지는 과정,
45,심리,사람들이 줄을 서는 심리,
46,심리,색이 감정에 미치는 영향,
47,심리,미루는 습관의 심리학,
48,심리,첫인상이 결정되는 시간,
49,심리,군중 속에서 달라지는 행동,
50,심리,광고가 쓰는 심리 기법,
